id;token_tr;response_tr;code_response;end_point_tr;date_request;date_response;login_acteur;request_tr
1;revolutionize synergize;extend;SDD Buckinghamshire;Orchestrator;2019-12-22T14:22:06;2019-12-22T08:39:17;Forest Director solution;../fake-data/blob/hipster.txt
2;turquoise;Producer convergence;Checking Account;scale capacity circuit;2019-12-22T08:47:30;2019-12-22T10:05:52;Borders;../fake-data/blob/hipster.txt
3;Money Market Account application;Gloves Boliviano Mvdol deploy;Producer SQL Gloves;Savings Account Credit Card Account Tools;2019-12-22T12:15:09;2019-12-22T19:04:08;Platinum program;../fake-data/blob/hipster.txt
4;Poland leading-edge;Toys;Industrial;Chicken;2019-12-23T07:04:02;2019-12-23T06:04:26;Berkshire Barbados Dollar;../fake-data/blob/hipster.txt
5;microchip PCI payment;navigate;withdrawal Arizona vortals;Program Maryland deposit;2019-12-22T15:07:15;2019-12-23T07:20:21;Pizza 1080p copy;../fake-data/blob/hipster.txt
6;Highway;Angola Generic;haptic Borders;programming Chips Auto Loan Account;2019-12-22T11:51:25;2019-12-23T04:11:58;matrix RSS View;../fake-data/blob/hipster.txt
7;Pennsylvania;Chief input;blue Incredible;User-friendly payment;2019-12-22T17:38:49;2019-12-23T06:55:40;bypass;../fake-data/blob/hipster.txt
8;compressing knowledge base;Future-proofed Malaysian Ringgit;hacking Salad out-of-the-box;Developer;2019-12-22T15:07:20;2019-12-23T07:31:54;Tasty;../fake-data/blob/hipster.txt
9;Cotton Assistant navigate;Auto Loan Account Spurs;Fantastic Checking Account generating;Object-based;2019-12-22T20:14:30;2019-12-22T17:47:14;Home Loan Account;../fake-data/blob/hipster.txt
10;payment;connect synthesizing Yen;Phased;Manor;2019-12-23T07:05:01;2019-12-22T20:24:56;Mississippi;../fake-data/blob/hipster.txt
